link_index,kingdom,area_scope,home_stage,home_entrance_in,home_entrance_out,sub_stage,sub_entrance_in,sub_entrance_out,home_in_node_id,home_out_node_id,sub_near_node_id,sub_far_node_id,status,notes
0,Cap Kingdom,overworld,CapWorldHomeStage,Ex,Goal,CapWorldTowerStage,Ex,Goal,CapWorldHomeStage::entrance::Ex::home_in,CapWorldHomeStage::entrance::Goal::home_out,CapWorldTowerStage::entrance::Ex::sub_near,CapWorldTowerStage::entrance::Goal::sub_far,vanilla,
1,Cap Kingdom,overworld,CapWorldHomeStage,PushBlockExStageEnt,PushBlockExStageEntDokan,PushBlockExStage,PushBlockExStageEnt,PushBlockExStageEntDokan,CapWorldHomeStage::entrance::PushBlockExStageEnt::home_in,CapWorldHomeStage::entrance::PushBlockExStageEntDokan::home_out,PushBlockExStage::entrance::PushBlockExStageEnt::sub_near,PushBlockExStage::entrance::PushBlockExStageEntDokan::sub_far,active,
2,Cap Kingdom,overworld,CapWorldHomeStage,PoisonWaveExEnt,PoisonWaveExEnt,PoisonWaveExStage,PoisonWaveExEnt,PoisonWaveExExit,CapWorldHomeStage::entrance::PoisonWaveExEnt::home_in,CapWorldHomeStage::entrance::PoisonWaveExEnt::home_out,PoisonWaveExStage::entrance::PoisonWaveExEnt::sub_near,PoisonWaveExStage::entrance::PoisonWaveExExit::sub_far,active,
3,Cap Kingdom,overworld,CapWorldHomeStage,FrogSearchExStageEnt,FrogSearchExStageEnt,FrogSearchExStage,FrogSearchExStageEnt,FrogSearchExStageEnt,CapWorldHomeStage::entrance::FrogSearchExStageEnt::home_in,CapWorldHomeStage::entrance::FrogSearchExStageEnt::home_out,FrogSearchExStage::entrance::FrogSearchExStageEnt::sub_near,FrogSearchExStage::entrance::FrogSearchExStageEnt::sub_far,active,
4,Cap Kingdom,overworld,CapWorldHomeStage,rollingstart,rollinggoal,RollingExStage,rollingstart,rollinggoal,CapWorldHomeStage::entrance::rollingstart::home_in,CapWorldHomeStage::entrance::rollinggoal::home_out,RollingExStage::entrance::rollingstart::sub_near,RollingExStage::entrance::rollinggoal::sub_far,active,
5,Cascade Kingdom,overworld,WaterfallWorldHomeStage,WanwanExStart,WanwanExGoal,WanwanClashExStage,WanwanExStart,WanwanExGoal,WaterfallWorldHomeStage::entrance::WanwanExStart::home_in,WaterfallWorldHomeStage::entrance::WanwanExGoal::home_out,WanwanClashExStage::entrance::WanwanExStart::sub_near,WanwanClashExStage::entrance::WanwanExGoal::sub_far,active,
6,Cascade Kingdom,overworld,WaterfallWorldHomeStage,WindBlowExStart,WindBlowExGoal,WindBlowExStage,WindBlowExStart,WindBlowExGoal,WaterfallWorldHomeStage::entrance::WindBlowExStart::home_in,WaterfallWorldHomeStage::entrance::WindBlowExGoal::home_out,WindBlowExStage::entrance::WindBlowExStart::sub_near,WindBlowExStage::entrance::WindBlowExGoal::sub_far,active,
7,Cascade Kingdom,overworld,WaterfallWorldHomeStage,CapAppearExEnt,CapAppearExExit,CapAppearExStage,CapAppearExEnt,CapAppearExExit,WaterfallWorldHomeStage::entrance::CapAppearExEnt::home_in,WaterfallWorldHomeStage::entrance::CapAppearExExit::home_out,CapAppearExStage::entrance::CapAppearExEnt::sub_near,CapAppearExStage::entrance::CapAppearExExit::sub_far,active,
8,Cascade Kingdom,overworld,WaterfallWorldHomeStage,Lift2D,Lift2DExit,Lift2DExStage,Lift2D,Lift2DExit,WaterfallWorldHomeStage::entrance::Lift2D::home_in,WaterfallWorldHomeStage::entrance::Lift2DExit::home_out,Lift2DExStage::entrance::Lift2D::sub_near,Lift2DExStage::entrance::Lift2DExit::sub_far,active,
9,Cascade Kingdom,overworld,WaterfallWorldHomeStage,RexPoppunEx,RexPoppunEx,TrexPoppunExStage,RexPoppunEx,RexPoppunEx,WaterfallWorldHomeStage::entrance::RexPoppunEx::home_in,WaterfallWorldHomeStage::entrance::RexPoppunEx::home_out,TrexPoppunExStage::entrance::RexPoppunEx::sub_near,TrexPoppunExStage::entrance::RexPoppunEx::sub_far,active,
10,Sand Kingdom,overworld,SandWorldHomeStage,doukutu1,doukutu2,SandWorldKillerExStage,doukutu1,doukutu2,SandWorldHomeStage::entrance::doukutu1::home_in,SandWorldHomeStage::entrance::doukutu2::home_out,SandWorldKillerExStage::entrance::doukutu1::sub_near,SandWorldKillerExStage::entrance::doukutu2::sub_far,active,
11,Sand Kingdom,overworld,SandWorldHomeStage,aaa,run00,SandWorldSphinxExStage,aaa,run00,SandWorldHomeStage::entrance::aaa::home_in,SandWorldHomeStage::entrance::run00::home_out,SandWorldSphinxExStage::entrance::aaa::sub_near,SandWorldSphinxExStage::entrance::run00::sub_far,active,
12,Sand Kingdom,overworld,SandWorldHomeStage,wall,anki2,SandWorldMeganeExStage,wall,anki2,SandWorldHomeStage::entrance::wall::home_in,SandWorldHomeStage::entrance::anki2::home_out,SandWorldMeganeExStage::entrance::wall::sub_near,SandWorldMeganeExStage::entrance::anki2::sub_far,active,
13,Sand Kingdom,overworld,SandWorldHomeStage,anki2,anki2,SandWorldMeganeExStage,anki2,anki2,SandWorldHomeStage::entrance::anki2::home_in,SandWorldHomeStage::entrance::anki2::home_out,SandWorldMeganeExStage::entrance::anki2::sub_near,SandWorldMeganeExStage::entrance::anki2::sub_far,excluded,anki2 is the exit pipe of the wall row — not a separate entrance
14,Sand Kingdom,overworld,SandWorldHomeStage,biru,birureturn,SandWorldRotateExStage,biru,birureturn,SandWorldHomeStage::entrance::biru::home_in,SandWorldHomeStage::entrance::birureturn::home_out,SandWorldRotateExStage::entrance::biru::sub_near,SandWorldRotateExStage::entrance::birureturn::sub_far,active,
15,Sand Kingdom,overworld,SandWorldHomeStage,rocket,rocket,RocketFlowerExStage,rocket,rocket,SandWorldHomeStage::entrance::rocket::home_in,SandWorldHomeStage::entrance::rocket::home_out,RocketFlowerExStage::entrance::rocket::sub_near,RocketFlowerExStage::entrance::rocket::sub_far,active,
16,Sand Kingdom,overworld,SandWorldHomeStage,meganelift01,meganelift02,MeganeLiftExStage,meganelift01,meganelift02,SandWorldHomeStage::entrance::meganelift01::home_in,SandWorldHomeStage::entrance::meganelift02::home_out,MeganeLiftExStage::entrance::meganelift01::sub_near,MeganeLiftExStage::entrance::meganelift02::sub_far,active,
17,Sand Kingdom,overworld,SandWorldHomeStage,arijigoku,arijigoku2,SandWorldPressExStage,arijigoku,arijigoku2,SandWorldHomeStage::entrance::arijigoku::home_in,SandWorldHomeStage::entrance::arijigoku2::home_out,SandWorldPressExStage::entrance::arijigoku::sub_near,SandWorldPressExStage::entrance::arijigoku2::sub_far,active,ceiling-drop entry plus the Jaxi-ruins exit; the entrance pipe is a coupled return alias
18,Sand Kingdom,overworld,SandWorldHomeStage,hide,hide,SandWorldSecretStage,hide,hide,SandWorldHomeStage::entrance::hide::home_in,SandWorldHomeStage::entrance::hide::home_out,SandWorldSecretStage::entrance::hide::sub_near,SandWorldSecretStage::entrance::hide::sub_far,active,
19,Sand Kingdom,overworld,SandWorldHomeStage,run00return,run00,SandWorldSphinxExStage,run00return,run00return,SandWorldHomeStage::entrance::run00return::home_in,SandWorldHomeStage::entrance::run00::home_out,SandWorldSphinxExStage::entrance::run00return::sub_near,SandWorldSphinxExStage::entrance::run00return::sub_far,active,
20,Sand Kingdom,overworld,SandWorldHomeStage,shindo,shindo,SandWorldVibrationStage,shindo,shindo,SandWorldHomeStage::entrance::shindo::home_in,SandWorldHomeStage::entrance::shindo::home_out,SandWorldVibrationStage::entrance::shindo::sub_near,SandWorldVibrationStage::entrance::shindo::sub_far,active,
21,Sand Kingdom,overworld,SandWorldHomeStage,bar1,bar1,SandWorldShopStage,bar1,bar1,SandWorldHomeStage::entrance::bar1::home_in,SandWorldHomeStage::entrance::bar1::home_out,SandWorldShopStage::entrance::bar1::sub_near,SandWorldShopStage::entrance::bar1::sub_far,active,
22,Sand Kingdom,overworld,SandWorldHomeStage,bar2,bar2,SandWorldShopStage,bar2,bar2,SandWorldHomeStage::entrance::bar2::home_in,SandWorldHomeStage::entrance::bar2::home_out,SandWorldShopStage::entrance::bar2::sub_near,SandWorldShopStage::entrance::bar2::sub_far,active,
23,Sand Kingdom,overworld,SandWorldHomeStage,town,town,SandWorldSlotStage,town,town,SandWorldHomeStage::entrance::town::home_in,SandWorldHomeStage::entrance::town::home_out,SandWorldSlotStage::entrance::town::sub_near,SandWorldSlotStage::entrance::town::sub_far,active,
24,Sand Kingdom,overworld,SandWorldHomeStage,abc,abc,SandWorldCostumeStage,abc,abc,SandWorldHomeStage::entrance::abc::home_in,SandWorldHomeStage::entrance::abc::home_out,SandWorldCostumeStage::entrance::abc::sub_near,SandWorldCostumeStage::entrance::abc::sub_far,active,
25,Sand Kingdom,overworld,SandWorldHomeStage,EX_2DHosui,EX_2DHosui_Exit,WaterTubeExStage,EX_2DHosui,EX_2DHosui_Exit,SandWorldHomeStage::entrance::EX_2DHosui::home_in,SandWorldHomeStage::entrance::EX_2DHosui_Exit::home_out,WaterTubeExStage::entrance::EX_2DHosui::sub_near,WaterTubeExStage::entrance::EX_2DHosui_Exit::sub_far,active,
26,Lake Kingdom,overworld,LakeWorldHomeStage,CapTrampolineA,CapTrampolineB,TrampolineWallCatchExStage,CapTrampolineA,CapTrampolineB,LakeWorldHomeStage::entrance::CapTrampolineA::home_in,LakeWorldHomeStage::entrance::CapTrampolineB::home_out,TrampolineWallCatchExStage::entrance::CapTrampolineA::sub_near,TrampolineWallCatchExStage::entrance::CapTrampolineB::sub_far,active,
27,Lake Kingdom,overworld,LakeWorldHomeStage,FastenerEx,FastenerEx,FastenerExStage,FastenerEx,FastenerEx,LakeWorldHomeStage::entrance::FastenerEx::home_in,LakeWorldHomeStage::entrance::FastenerEx::home_out,FastenerExStage::entrance::FastenerEx::sub_near,FastenerExStage::entrance::FastenerEx::sub_far,active,
28,Lake Kingdom,overworld,LakeWorldHomeStage,Goton,Goton,GotogotonExStage,Goton,Goton,LakeWorldHomeStage::entrance::Goton::home_in,LakeWorldHomeStage::entrance::Goton::home_out,GotogotonExStage::entrance::Goton::sub_near,GotogotonExStage::entrance::Goton::sub_far,active,
29,Lake Kingdom,overworld,LakeWorldHomeStage,LakeWorldMoonEX1a,LakeWorldMoonEX1b,FrogPoisonExStage,LakeWorldMoonEX1a,LakeWorldMoonEX1b,LakeWorldHomeStage::entrance::LakeWorldMoonEX1a::home_in,LakeWorldHomeStage::entrance::LakeWorldMoonEX1b::home_out,FrogPoisonExStage::entrance::LakeWorldMoonEX1a::sub_near,FrogPoisonExStage::entrance::LakeWorldMoonEX1b::sub_far,active,
30,Lake Kingdom,overworld,LakeWorldHomeStage,LakeWorldShop,LakeWorldShop,LakeWorldShopStage,LakeWorldShop,LakeWorldShop,LakeWorldHomeStage::entrance::LakeWorldShop::home_in,LakeWorldHomeStage::entrance::LakeWorldShop::home_out,LakeWorldShopStage::entrance::LakeWorldShop::sub_near,LakeWorldShopStage::entrance::LakeWorldShop::sub_far,active,
31,Wooded Kingdom,overworld,ForestWorldHomeStage,EX_Water,EX_Water_Exit,ForestWorldWaterExStage,EX_Water,EX_Water_Exit,ForestWorldHomeStage::entrance::EX_Water::home_in,ForestWorldHomeStage::entrance::EX_Water_Exit::home_out,ForestWorldWaterExStage::entrance::EX_Water::sub_near,ForestWorldWaterExStage::entrance::EX_Water_Exit::sub_far,active,
32,Wooded Kingdom,overworld,ForestWorldHomeStage,EX_RailCollision,EX_RailCollision_Exit,RailCollisionExStage,EX_RailCollision,EX_RailCollision_Exit,ForestWorldHomeStage::entrance::EX_RailCollision::home_in,ForestWorldHomeStage::entrance::EX_RailCollision_Exit::home_out,RailCollisionExStage::entrance::EX_RailCollision::sub_near,RailCollisionExStage::entrance::EX_RailCollision_Exit::sub_far,active,
33,Wooded Kingdom,overworld,ForestWorldHomeStage,EX_Tankuro,EX_Tankuro_Exit,ShootingElevatorExStage,EX_Tankuro,EX_Tankuro_Exit,ForestWorldHomeStage::entrance::EX_Tankuro::home_in,ForestWorldHomeStage::entrance::EX_Tankuro_Exit::home_out,ShootingElevatorExStage::entrance::EX_Tankuro::sub_near,ShootingElevatorExStage::entrance::EX_Tankuro_Exit::sub_far,active,
34,Wooded Kingdom,overworld,ForestWorldHomeStage,EX_Mist,EX_Mist,FogMountainExStage,EX_Mist,EX_Mist,ForestWorldHomeStage::entrance::EX_Mist::home_in,ForestWorldHomeStage::entrance::EX_Mist::home_out,FogMountainExStage::entrance::EX_Mist::sub_near,FogMountainExStage::entrance::EX_Mist::sub_far,active,
35,Wooded Kingdom,overworld,ForestWorldHomeStage,bonus,bonus2,ForestWorldBonusStage,bonus,bonus2,ForestWorldHomeStage::entrance::bonus::home_in,ForestWorldHomeStage::entrance::bonus2::home_out,ForestWorldBonusStage::entrance::bonus::sub_near,ForestWorldBonusStage::entrance::bonus2::sub_far,active,
36,Wooded Kingdom,overworld,ForestWorldHomeStage,PoisonEx,PoisonEx_Exit,PackunPoisonExStage,PoisonEx,PoisonEx_Exit,ForestWorldHomeStage::entrance::PoisonEx::home_in,ForestWorldHomeStage::entrance::PoisonEx_Exit::home_out,PackunPoisonExStage::entrance::PoisonEx::sub_near,PackunPoisonExStage::entrance::PoisonEx_Exit::sub_far,active,
37,Wooded Kingdom,overworld,ForestWorldHomeStage,KillerRoad,KillerRoad,KillerRoadExStage,KillerRoad,KillerRoad,ForestWorldHomeStage::entrance::KillerRoad::home_in,ForestWorldHomeStage::entrance::KillerRoad::home_out,KillerRoadExStage::entrance::KillerRoad::sub_near,KillerRoadExStage::entrance::KillerRoad::sub_far,active,
38,Wooded Kingdom,overworld,ForestWorldHomeStage,EXCloud,EXCloud,ForestWorldCloudBonusExStage,EXCloud,EXCloud,ForestWorldHomeStage::entrance::EXCloud::home_in,ForestWorldHomeStage::entrance::EXCloud::home_out,ForestWorldCloudBonusExStage::entrance::EXCloud::sub_near,ForestWorldCloudBonusExStage::entrance::EXCloud::sub_far,active,
39,Wooded Kingdom,overworld,ForestWorldHomeStage,EX_AnimalChase,EX_AnimalChase,AnimalChaseExStage,EX_AnimalChase,EX_AnimalChase,ForestWorldHomeStage::entrance::EX_AnimalChase::home_in,ForestWorldHomeStage::entrance::EX_AnimalChase::home_out,AnimalChaseExStage::entrance::EX_AnimalChase::sub_near,AnimalChaseExStage::entrance::EX_AnimalChase::sub_far,active,
40,Wooded Kingdom,overworld,ForestWorldHomeStage,Jyukai001,Jyukai001v,ForestWorldWoodsStage,Jyukai001,Jyukai001v,ForestWorldHomeStage::entrance::Jyukai001::home_in,ForestWorldHomeStage::entrance::Jyukai001v::home_out,ForestWorldWoodsStage::entrance::Jyukai001::sub_near,ForestWorldWoodsStage::entrance::Jyukai001v::sub_far,active,
41,Wooded Kingdom,overworld,ForestWorldHomeStage,Jyukai001v,Jyukai001v,ForestWorldWoodsStage,Jyukai001v,Jyukai001v,ForestWorldHomeStage::entrance::Jyukai001v::home_in,ForestWorldHomeStage::entrance::Jyukai001v::home_out,ForestWorldWoodsStage::entrance::Jyukai001v::sub_near,ForestWorldWoodsStage::entrance::Jyukai001v::sub_far,excluded,vine exit — no PlayerStartObjNoLink in sub; exit of Jyukai001 row
42,Wooded Kingdom,overworld,ForestWorldHomeStage,Jyukai002,Jyukai002,ForestWorldWoodsStage,Jyukai002,Jyukai002,ForestWorldHomeStage::entrance::Jyukai002::home_in,ForestWorldHomeStage::entrance::Jyukai002::home_out,ForestWorldWoodsStage::entrance::Jyukai002::sub_near,ForestWorldWoodsStage::entrance::Jyukai002::sub_far,excluded,vine exit only — no PlayerStartObjNoLink in sub
43,Wooded Kingdom,overworld,ForestWorldHomeStage,Jyukai003,Jyukai003v,ForestWorldWoodsStage,Jyukai003,Jyukai003v,ForestWorldHomeStage::entrance::Jyukai003::home_in,ForestWorldHomeStage::entrance::Jyukai003v::home_out,ForestWorldWoodsStage::entrance::Jyukai003::sub_near,ForestWorldWoodsStage::entrance::Jyukai003v::sub_far,active,
44,Wooded Kingdom,overworld,ForestWorldHomeStage,Jyukai003v,Jyukai003v,ForestWorldWoodsStage,Jyukai003v,Jyukai003v,ForestWorldHomeStage::entrance::Jyukai003v::home_in,ForestWorldHomeStage::entrance::Jyukai003v::home_out,ForestWorldWoodsStage::entrance::Jyukai003v::sub_near,ForestWorldWoodsStage::entrance::Jyukai003v::sub_far,excluded,vine exit — no PlayerStartObjNoLink in sub; exit of Jyukai003 row
45,Wooded Kingdom,overworld,ForestWorldHomeStage,Jyukai004,Jyukai004,ForestWorldWoodsStage,Jyukai004,Jyukai004,ForestWorldHomeStage::entrance::Jyukai004::home_in,ForestWorldHomeStage::entrance::Jyukai004::home_out,ForestWorldWoodsStage::entrance::Jyukai004::sub_near,ForestWorldWoodsStage::entrance::Jyukai004::sub_far,excluded,vine exit only — no PlayerStartObjNoLink in sub
46,Cloud Kingdom,overworld,CloudWorldHomeStage,Fukuwarai,Fukuwarai,FukuwaraiKuriboStage,Fukuwarai,Fukuwarai,CloudWorldHomeStage::entrance::Fukuwarai::home_in,CloudWorldHomeStage::entrance::Fukuwarai::home_out,FukuwaraiKuriboStage::entrance::Fukuwarai::sub_near,FukuwaraiKuriboStage::entrance::Fukuwarai::sub_far,active,
47,Cloud Kingdom,overworld,CloudWorldHomeStage,cube,cube,Cube2DExStage,cube,cube,CloudWorldHomeStage::entrance::cube::home_in,CloudWorldHomeStage::entrance::cube::home_out,Cube2DExStage::entrance::cube::sub_near,Cube2DExStage::entrance::cube::sub_far,active,
48,Lost Kingdom,overworld,ClashWorldHomeStage,imomu_01,imomu_02,ImomuPoisonExStage,imomu_01,imomu_02,ClashWorldHomeStage::entrance::imomu_01::home_in,ClashWorldHomeStage::entrance::imomu_02::home_out,ImomuPoisonExStage::entrance::imomu_01::sub_near,ImomuPoisonExStage::entrance::imomu_02::sub_far,active,
49,Lost Kingdom,overworld,ClashWorldHomeStage,ClashWorldMoonEX2,ClashWorldMoonEX2,JangoExStage,ClashWorldMoonEX2,ClashWorldMoonEX2,ClashWorldHomeStage::entrance::ClashWorldMoonEX2::home_in,ClashWorldHomeStage::entrance::ClashWorldMoonEX2::home_out,JangoExStage::entrance::ClashWorldMoonEX2::sub_near,JangoExStage::entrance::ClashWorldMoonEX2::sub_far,active,
50,Lost Kingdom,overworld,ClashWorldHomeStage,Kinopio,Kinopio,ClashWorldShopStage,Kinopio,Kinopio,ClashWorldHomeStage::entrance::Kinopio::home_in,ClashWorldHomeStage::entrance::Kinopio::home_out,ClashWorldShopStage::entrance::Kinopio::sub_near,ClashWorldShopStage::entrance::Kinopio::sub_far,active,
51,Metro Kingdom,overworld,CityWorldHomeStage,main_enter,main_exit,CityWorldMainTowerStage,main_enter,main_exit,CityWorldHomeStage::entrance::main_enter::home_in,CityWorldHomeStage::entrance::main_exit::home_out,CityWorldMainTowerStage::entrance::main_enter::sub_near,CityWorldMainTowerStage::entrance::main_exit::sub_far,vanilla,"Fixed (non-randomized) story/internal route; connected for logic, excluded from ER shuffle."
52,Metro Kingdom,overworld,CityWorldHomeStage,densen,densendokan,ElectricWireExStage,densen,densendokan,CityWorldHomeStage::entrance::densen::home_in,CityWorldHomeStage::entrance::densendokan::home_out,ElectricWireExStage::entrance::densen::sub_near,ElectricWireExStage::entrance::densendokan::sub_far,active,
53,Metro Kingdom,overworld,CityWorldHomeStage,kaitendokan,kaitendokan,CapRotatePackunExStage,kaitendokan,kaitendokan,CityWorldHomeStage::entrance::kaitendokan::home_in,CityWorldHomeStage::entrance::kaitendokan::home_out,CapRotatePackunExStage::entrance::kaitendokan::sub_near,CapRotatePackunExStage::entrance::kaitendokan::sub_far,active,
54,Metro Kingdom,overworld,CityWorldHomeStage,bike02,bike02return,TrexBikeExStage,bike02,bike02return,CityWorldHomeStage::entrance::bike02::home_in,CityWorldHomeStage::entrance::bike02return::home_out,TrexBikeExStage::entrance::bike02::sub_near,TrexBikeExStage::entrance::bike02return::sub_far,active,
55,Metro Kingdom,overworld,CityWorldHomeStage,gragra,gragrareturn,SwingSteelExStage,gragra,gragrareturn,CityWorldHomeStage::entrance::gragra::home_in,CityWorldHomeStage::entrance::gragrareturn::home_out,SwingSteelExStage::entrance::gragra::sub_near,SwingSteelExStage::entrance::gragrareturn::sub_far,active,
56,Metro Kingdom,overworld,CityWorldHomeStage,donsuke,donsuke,DonsukeExStage,donsuke,donsuke,CityWorldHomeStage::entrance::donsuke::home_in,CityWorldHomeStage::entrance::donsuke::home_out,DonsukeExStage::entrance::donsuke::sub_near,DonsukeExStage::entrance::donsuke::sub_far,active,
57,Metro Kingdom,overworld,CityWorldHomeStage,theater,theater,Theater2DExStage,theater,theater,CityWorldHomeStage::entrance::theater::home_in,CityWorldHomeStage::entrance::theater::home_out,Theater2DExStage::entrance::theater::sub_near,Theater2DExStage::entrance::theater::sub_far,active,
58,Metro Kingdom,overworld,CityWorldHomeStage,gunsyu,gunsyudokan,CityPeopleRoadStage,gunsyu,gunsyudokan,CityWorldHomeStage::entrance::gunsyu::home_in,CityWorldHomeStage::entrance::gunsyudokan::home_out,CityPeopleRoadStage::entrance::gunsyu::sub_near,CityPeopleRoadStage::entrance::gunsyudokan::sub_far,active,
59,Metro Kingdom,overworld,CityWorldHomeStage,bou,boureturn,PoleKillerExStage,bou,boureturn,CityWorldHomeStage::entrance::bou::home_in,CityWorldHomeStage::entrance::boureturn::home_out,PoleKillerExStage::entrance::bou::sub_near,PoleKillerExStage::entrance::boureturn::sub_far,active,
60,Metro Kingdom,overworld,CityWorldHomeStage,onpu,onpu,Note2D3DRoomExStage,onpu,onpu,CityWorldHomeStage::entrance::onpu::home_in,CityWorldHomeStage::entrance::onpu::home_out,Note2D3DRoomExStage::entrance::onpu::sub_near,Note2D3DRoomExStage::entrance::onpu::sub_far,active,
61,Metro Kingdom,overworld,CityWorldHomeStage,car,car,RadioControlExStage,car,car,CityWorldHomeStage::entrance::car::home_in,CityWorldHomeStage::entrance::car::home_out,RadioControlExStage::entrance::car::sub_near,RadioControlExStage::entrance::car::sub_far,vanilla,"Fixed (non-randomized) story/internal route; connected for logic, excluded from ER shuffle."
62,Metro Kingdom,overworld,CityWorldHomeStage,tenjo,tenjo,PoleGrabCeilExStage,tenjo,tenjo,CityWorldHomeStage::entrance::tenjo::home_in,CityWorldHomeStage::entrance::tenjo::home_out,PoleGrabCeilExStage::entrance::tenjo::sub_near,PoleGrabCeilExStage::entrance::tenjo::sub_far,active,
63,Metro Kingdom,overworld,CityWorldHomeStage,taxi,taxireturn,ShootingCityExStage,taxi,taxireturn,CityWorldHomeStage::entrance::taxi::home_in,CityWorldHomeStage::entrance::taxireturn::home_out,ShootingCityExStage::entrance::taxi::sub_near,ShootingCityExStage::entrance::taxireturn::sub_far,active,
64,Metro Kingdom,overworld,CityWorldHomeStage,Bonus,Bonus,CityWorldSandSlotStage,Bonus,Bonus,CityWorldHomeStage::entrance::Bonus::home_in,CityWorldHomeStage::entrance::Bonus::home_out,CityWorldSandSlotStage::entrance::Bonus::sub_near,CityWorldSandSlotStage::entrance::Bonus::sub_far,active,
65,Metro Kingdom,overworld,CityWorldHomeStage,shop_corect,shop_corect,CityWorldShop01Stage,shop_corect,shop_corect,CityWorldHomeStage::entrance::shop_corect::home_in,CityWorldHomeStage::entrance::shop_corect::home_out,CityWorldShop01Stage::entrance::shop_corect::sub_near,CityWorldShop01Stage::entrance::shop_corect::sub_far,active,
66,Metro Kingdom,overworld,CityWorldHomeStage,shop_coin,shop_coin,CityWorldShop01Stage,shop_coin,shop_coin,CityWorldHomeStage::entrance::shop_coin::home_in,CityWorldHomeStage::entrance::shop_coin::home_out,CityWorldShop01Stage::entrance::shop_coin::sub_near,CityWorldShop01Stage::entrance::shop_coin::sub_far,active,
67,Metro Kingdom,overworld,CityWorldHomeStage,bike,bikereturn,BikeSteelExStage,bike,bikereturn,CityWorldHomeStage::entrance::bike::home_in,CityWorldHomeStage::entrance::bikereturn::home_out,BikeSteelExStage::entrance::bike::sub_near,BikeSteelExStage::entrance::bikereturn::sub_far,active,
68,Snow Kingdom,overworld,SnowWorldHomeStage,EX_IceWaterDash,EX_IceWaterDash_Exit,IceWaterDashExStage,EX_IceWaterDash,EX_IceWaterDash_Exit,SnowWorldHomeStage::entrance::EX_IceWaterDash::home_in,SnowWorldHomeStage::entrance::EX_IceWaterDash_Exit::home_out,IceWaterDashExStage::entrance::EX_IceWaterDash::sub_near,IceWaterDashExStage::entrance::EX_IceWaterDash_Exit::sub_far,active,
69,Snow Kingdom,overworld,SnowWorldHomeStage,EX_IceWater,EX_IceWater_Exit,IceWaterBlockExStage,EX_IceWater,EX_IceWater_Exit,SnowWorldHomeStage::entrance::EX_IceWater::home_in,SnowWorldHomeStage::entrance::EX_IceWater_Exit::home_out,IceWaterBlockExStage::entrance::EX_IceWater::sub_near,IceWaterBlockExStage::entrance::EX_IceWater_Exit::sub_far,active,
70,Snow Kingdom,overworld,SnowWorldHomeStage,ByugoPuzzle,ByugoPuzzle,ByugoPuzzleExStage,ByugoPuzzle,ByugoPuzzle,SnowWorldHomeStage::entrance::ByugoPuzzle::home_in,SnowWorldHomeStage::entrance::ByugoPuzzle::home_out,ByugoPuzzleExStage::entrance::ByugoPuzzle::sub_near,ByugoPuzzleExStage::entrance::ByugoPuzzle::sub_far,active,
71,Snow Kingdom,overworld,SnowWorldHomeStage,FigureWalker,FigureWalker,IceWalkerExStage,FigureWalker,FigureWalker,SnowWorldHomeStage::entrance::FigureWalker::home_in,SnowWorldHomeStage::entrance::FigureWalker::home_out,IceWalkerExStage::entrance::FigureWalker::sub_near,IceWalkerExStage::entrance::FigureWalker::sub_far,active,
72,Snow Kingdom,overworld,SnowWorldHomeStage,EX_SkyBonus,EX_SkyBonus,SnowWorldCloudBonusExStage,EX_SkyBonus,EX_SkyBonus,SnowWorldHomeStage::entrance::EX_SkyBonus::home_in,SnowWorldHomeStage::entrance::EX_SkyBonus::home_out,SnowWorldCloudBonusExStage::entrance::EX_SkyBonus::sub_near,SnowWorldCloudBonusExStage::entrance::EX_SkyBonus::sub_far,active,
73,Snow Kingdom,overworld,SnowWorldHomeStage,EX_RailCol2,EX_RailCol2_Exit,KillerRailCollisionExStage,EX_RailCol2,EX_RailCol2_Exit,SnowWorldHomeStage::entrance::EX_RailCol2::home_in,SnowWorldHomeStage::entrance::EX_RailCol2_Exit::home_out,KillerRailCollisionExStage::entrance::EX_RailCol2::sub_near,KillerRailCollisionExStage::entrance::EX_RailCol2_Exit::sub_far,active,
74,Snow Kingdom,overworld,SnowWorldHomeStage,MoonRace,MoonRace,SnowWorldLobbyExStage,MoonRace,MoonRace,SnowWorldHomeStage::entrance::MoonRace::home_in,SnowWorldHomeStage::entrance::MoonRace::home_out,SnowWorldLobbyExStage::entrance::MoonRace::sub_near,SnowWorldLobbyExStage::entrance::MoonRace::sub_far,active,
75,Seaside Kingdom,overworld,SeaWorldHomeStage,SeaWorldEX1a,SeaWorldEX1b,WaterValleyExStage,SeaWorldEX1a,SeaWorldEX1b,SeaWorldHomeStage::entrance::SeaWorldEX1a::home_in,SeaWorldHomeStage::entrance::SeaWorldEX1b::home_out,WaterValleyExStage::entrance::SeaWorldEX1a::sub_near,WaterValleyExStage::entrance::SeaWorldEX1b::sub_far,active,
76,Seaside Kingdom,overworld,SeaWorldHomeStage,SeaWorldEX2,SeaWorldEX2Return,CloudExStage,SeaWorldEX2,SeaWorldEX2Return,SeaWorldHomeStage::entrance::SeaWorldEX2::home_in,SeaWorldHomeStage::entrance::SeaWorldEX2Return::home_out,CloudExStage::entrance::SeaWorldEX2::sub_near,CloudExStage::entrance::SeaWorldEX2Return::sub_far,active,
77,Seaside Kingdom,overworld,SeaWorldHomeStage,SeaWorldMoonEX2,SeaWorldMoonEX2,TogezoRotateExStage,SeaWorldMoonEX2,SeaWorldMoonEX2,SeaWorldHomeStage::entrance::SeaWorldMoonEX2::home_in,SeaWorldHomeStage::entrance::SeaWorldMoonEX2::home_out,TogezoRotateExStage::entrance::SeaWorldMoonEX2::sub_near,TogezoRotateExStage::entrance::SeaWorldMoonEX2::sub_far,active,
78,Seaside Kingdom,overworld,SeaWorldHomeStage,SeaWorldEX3a,SeaWorldEX3b,SenobiTowerExStage,SeaWorldEX3a,SeaWorldEX3b,SeaWorldHomeStage::entrance::SeaWorldEX3a::home_in,SeaWorldHomeStage::entrance::SeaWorldEX3b::home_out,SenobiTowerExStage::entrance::SeaWorldEX3a::sub_near,SenobiTowerExStage::entrance::SeaWorldEX3b::sub_far,active,
79,Seaside Kingdom,overworld,SeaWorldHomeStage,SeaWorldMoonEX1a,SeaWorldMoonEX1b,ReflectBombExStage,SeaWorldMoonEX1a,SeaWorldMoonEX1b,SeaWorldHomeStage::entrance::SeaWorldMoonEX1a::home_in,SeaWorldHomeStage::entrance::SeaWorldMoonEX1b::home_out,ReflectBombExStage::entrance::SeaWorldMoonEX1a::sub_near,ReflectBombExStage::entrance::SeaWorldMoonEX1b::sub_far,active,
80,Seaside Kingdom,overworld,SeaWorldHomeStage,PukupukuCaveStart,PukupukuCaveGoal,SeaWorldUtsuboCaveStage,PukupukuCaveStart,PukupukuCaveGoal,SeaWorldHomeStage::entrance::PukupukuCaveStart::home_in,SeaWorldHomeStage::entrance::PukupukuCaveGoal::home_out,SeaWorldUtsuboCaveStage::entrance::PukupukuCaveStart::sub_near,SeaWorldUtsuboCaveStage::entrance::PukupukuCaveGoal::sub_far,vanilla,story sub-area: fixed vanilla identity link and never shuffled
81,Seaside Kingdom,overworld,SeaWorldHomeStage,RoomEventWorldSea,RoomEventWorldSea,SeaWorldSneakingManStage,RoomEventWorldSea,RoomEventWorldSea,SeaWorldHomeStage::entrance::RoomEventWorldSea::home_in,SeaWorldHomeStage::entrance::RoomEventWorldSea::home_out,SeaWorldSneakingManStage::entrance::RoomEventWorldSea::sub_near,SeaWorldSneakingManStage::entrance::RoomEventWorldSea::sub_far,active,
82,Seaside Kingdom,overworld,SeaWorldHomeStage,TreasureEventWorldSea,TreasureEventWorldSea,SeaWorldSecretStage,TreasureEventWorldSea,TreasureEventWorldSea,SeaWorldHomeStage::entrance::TreasureEventWorldSea::home_in,SeaWorldHomeStage::entrance::TreasureEventWorldSea::home_out,SeaWorldSecretStage::entrance::TreasureEventWorldSea::sub_near,SeaWorldSecretStage::entrance::TreasureEventWorldSea::sub_far,active,
83,Seaside Kingdom,overworld,SeaWorldHomeStage,shindo_Lv2,shindo_Lv2,SeaWorldVibrationStage,shindo_Lv2,shindo_Lv2,SeaWorldHomeStage::entrance::shindo_Lv2::home_in,SeaWorldHomeStage::entrance::shindo_Lv2::home_out,SeaWorldVibrationStage::entrance::shindo_Lv2::sub_near,SeaWorldVibrationStage::entrance::shindo_Lv2::sub_far,active,
84,Seaside Kingdom,overworld,SeaWorldHomeStage,CostumeEventSeaWorld,CostumeEventSeaWorld,SeaWorldCostumeStage,CostumeEventSeaWorld,CostumeEventSeaWorld,SeaWorldHomeStage::entrance::CostumeEventSeaWorld::home_in,SeaWorldHomeStage::entrance::CostumeEventSeaWorld::home_out,SeaWorldCostumeStage::entrance::CostumeEventSeaWorld::sub_near,SeaWorldCostumeStage::entrance::CostumeEventSeaWorld::sub_far,active,
85,Luncheon Kingdom,overworld,LavaWorldHomeStage,ForkEX,ForkEX,ForkExStage,ForkEX,ForkEX,LavaWorldHomeStage::entrance::ForkEX::home_in,LavaWorldHomeStage::entrance::ForkEX::home_out,ForkExStage::entrance::ForkEX::sub_near,ForkExStage::entrance::ForkEX::sub_far,active,
86,Luncheon Kingdom,overworld,LavaWorldHomeStage,LavaLiftEx,LavaLiftExdokan,CapAppearLavaLiftExStage,LavaLiftEx,LavaLiftExdokan,LavaWorldHomeStage::entrance::LavaLiftEx::home_in,LavaWorldHomeStage::entrance::LavaLiftExdokan::home_out,CapAppearLavaLiftExStage::entrance::LavaLiftEx::sub_near,CapAppearLavaLiftExStage::entrance::LavaLiftExdokan::sub_far,active,
87,Luncheon Kingdom,overworld,LavaWorldHomeStage,GabuzouClockEx,GabuzouClockExdokan,GabuzouClockExStage,GabuzouClockEx,GabuzouClockExdokan,LavaWorldHomeStage::entrance::GabuzouClockEx::home_in,LavaWorldHomeStage::entrance::GabuzouClockExdokan::home_out,GabuzouClockExStage::entrance::GabuzouClockEx::sub_near,GabuzouClockExStage::entrance::GabuzouClockExdokan::sub_far,active,
88,Luncheon Kingdom,overworld,LavaWorldHomeStage,PechoBubbleEx,PechoBubbleExDokan,LavaWorldBubbleLaneExStage,PechoBubbleEx,PechoBubbleExDokan,LavaWorldHomeStage::entrance::PechoBubbleEx::home_in,LavaWorldHomeStage::entrance::PechoBubbleExDokan::home_out,LavaWorldBubbleLaneExStage::entrance::PechoBubbleEx::sub_near,LavaWorldBubbleLaneExStage::entrance::PechoBubbleExDokan::sub_far,active,
89,Luncheon Kingdom,overworld,LavaWorldHomeStage,MartinCubeEx,MartinCubeEx,LavaWorldExcavationExStage,MartinCubeEx,MartinCubeEx,LavaWorldHomeStage::entrance::MartinCubeEx::home_in,LavaWorldHomeStage::entrance::MartinCubeEx::home_out,LavaWorldExcavationExStage::entrance::MartinCubeEx::sub_near,LavaWorldExcavationExStage::entrance::MartinCubeEx::sub_far,active,
90,Luncheon Kingdom,overworld,LavaWorldHomeStage,KeyMoveEx,KeyMoveExDokan,LavaWorldUpDownExStage,KeyMoveEx,KeyMoveExDokan,LavaWorldHomeStage::entrance::KeyMoveEx::home_in,LavaWorldHomeStage::entrance::KeyMoveExDokan::home_out,LavaWorldUpDownExStage::entrance::KeyMoveEx::sub_near,LavaWorldUpDownExStage::entrance::KeyMoveExDokan::sub_far,active,
91,Luncheon Kingdom,overworld,LavaWorldHomeStage,BBQEx,BBQExDokan,LavaWorldClockExStage,BBQEx,BBQExDokan,LavaWorldHomeStage::entrance::BBQEx::home_in,LavaWorldHomeStage::entrance::BBQExDokan::home_out,LavaWorldClockExStage::entrance::BBQEx::sub_near,LavaWorldClockExStage::entrance::BBQExDokan::sub_far,active,
92,Luncheon Kingdom,overworld,LavaWorldHomeStage,FenceLiftEx,FenceLiftExdokan,LavaWorldFenceLiftExStage,FenceLiftEx,FenceLiftExdokan,LavaWorldHomeStage::entrance::FenceLiftEx::home_in,LavaWorldHomeStage::entrance::FenceLiftExdokan::home_out,LavaWorldFenceLiftExStage::entrance::FenceLiftEx::sub_near,LavaWorldFenceLiftExStage::entrance::FenceLiftExdokan::sub_far,active,
93,Luncheon Kingdom,overworld,LavaWorldHomeStage,CostumeEventWorldLava,CostumeOut,LavaWorldCostumeStage,CostumeEventWorldLava,CostumeOut,LavaWorldHomeStage::entrance::CostumeEventWorldLava::home_in,LavaWorldHomeStage::entrance::CostumeOut::home_out,LavaWorldCostumeStage::entrance::CostumeEventWorldLava::sub_near,LavaWorldCostumeStage::entrance::CostumeOut::sub_far,active,
94,Luncheon Kingdom,overworld,LavaWorldHomeStage,TreasureEventWorldLava,TreasureEventWorldLava,LavaWorldTreasureStage,TreasureEventWorldLava,TreasureEventWorldLava,LavaWorldHomeStage::entrance::TreasureEventWorldLava::home_in,LavaWorldHomeStage::entrance::TreasureEventWorldLava::home_out,LavaWorldTreasureStage::entrance::TreasureEventWorldLava::sub_near,LavaWorldTreasureStage::entrance::TreasureEventWorldLava::sub_far,active,
95,Luncheon Kingdom,overworld,LavaWorldHomeStage,town,town,LavaBonus1Zone,town,town,LavaWorldHomeStage::entrance::town::home_in,LavaWorldHomeStage::entrance::town::home_out,LavaBonus1Zone::entrance::town::sub_near,LavaBonus1Zone::entrance::town::sub_far,active,
96,Luncheon Kingdom,overworld,LavaWorldHomeStage,shop,shop,LavaWorldShopStage,shop,shop,LavaWorldHomeStage::entrance::shop::home_in,LavaWorldHomeStage::entrance::shop::home_out,LavaWorldShopStage::entrance::shop::sub_near,LavaWorldShopStage::entrance::shop::sub_far,active,
97,Ruined Kingdom,overworld,BossRaidWorldHomeStage,BossRaidWorldMoonEx02_Enter,BossRaidWorldMoonEx02_Exit,BullRunExStage,BossRaidWorldMoonEx02_Enter,BossRaidWorldMoonEx02_Exit,BossRaidWorldHomeStage::entrance::BossRaidWorldMoonEx02_Enter::home_in,BossRaidWorldHomeStage::entrance::BossRaidWorldMoonEx02_Exit::home_out,BullRunExStage::entrance::BossRaidWorldMoonEx02_Enter::sub_near,BullRunExStage::entrance::BossRaidWorldMoonEx02_Exit::sub_far,active,
98,Ruined Kingdom,overworld,BossRaidWorldHomeStage,BossRaidWorldEx01_Eixt,BossRaidWorldEx01_Eixt,DotTowerExStage,BossRaidWorldEx01_Eixt,BossRaidWorldEx01_Eixt,BossRaidWorldHomeStage::entrance::BossRaidWorldEx01_Eixt::home_in,BossRaidWorldHomeStage::entrance::BossRaidWorldEx01_Eixt::home_out,DotTowerExStage::entrance::BossRaidWorldEx01_Eixt::sub_near,DotTowerExStage::entrance::BossRaidWorldEx01_Eixt::sub_far,active,
99,Bowser's Kingdom,overworld,SkyWorldHomeStage,jizo01,jizo02,JizoSwitchExStage,jizo01,jizo02,SkyWorldHomeStage::entrance::jizo01::home_in,SkyWorldHomeStage::entrance::jizo02::home_out,JizoSwitchExStage::entrance::jizo01::sub_near,JizoSwitchExStage::entrance::jizo02::sub_far,active,
100,Bowser's Kingdom,overworld,SkyWorldHomeStage,tukkun000_enter,tukkun000_exit,TsukkunRotateExStage,tukkun000_enter,tukkun000_exit,SkyWorldHomeStage::entrance::tukkun000_enter::home_in,SkyWorldHomeStage::entrance::tukkun000_exit::home_out,TsukkunRotateExStage::entrance::tukkun000_enter::sub_near,TsukkunRotateExStage::entrance::tukkun000_exit::sub_far,active,
101,Bowser's Kingdom,overworld,SkyWorldHomeStage,tukkun001_enter,tukkun001_exit,TsukkunClimbExStage,tukkun001_enter,tukkun001_exit,SkyWorldHomeStage::entrance::tukkun001_enter::home_in,SkyWorldHomeStage::entrance::tukkun001_exit::home_out,TsukkunClimbExStage::entrance::tukkun001_enter::sub_near,TsukkunClimbExStage::entrance::tukkun001_exit::sub_far,active,
102,Bowser's Kingdom,overworld,SkyWorldHomeStage,sora001,sora001,SkyWorldCloudBonusExStage,sora001,sora001,SkyWorldHomeStage::entrance::sora001::home_in,SkyWorldHomeStage::entrance::sora001::home_out,SkyWorldCloudBonusExStage::entrance::sora001::sub_near,SkyWorldCloudBonusExStage::entrance::sora001::sub_far,active,
103,Bowser's Kingdom,overworld,SkyWorldHomeStage,shop_dress,shop_dress,SkyWorldTreasureStage,shop_dress,shop_dress,SkyWorldHomeStage::entrance::shop_dress::home_in,SkyWorldHomeStage::entrance::shop_dress::home_out,SkyWorldTreasureStage::entrance::shop_dress::sub_near,SkyWorldTreasureStage::entrance::shop_dress::sub_far,active,
104,Bowser's Kingdom,overworld,SkyWorldHomeStage,shop,shop,SkyWorldShopStage,shop,shop,SkyWorldHomeStage::entrance::shop::home_in,SkyWorldHomeStage::entrance::shop::home_out,SkyWorldShopStage::entrance::shop::sub_near,SkyWorldShopStage::entrance::shop::sub_far,active,
105,Bowser's Kingdom,overworld,SkyWorldHomeStage,byoubu,byoubu,SkyWorldCostumeStage,byoubu,byoubu,SkyWorldHomeStage::entrance::byoubu::home_in,SkyWorldHomeStage::entrance::byoubu::home_out,SkyWorldCostumeStage::entrance::byoubu::sub_near,SkyWorldCostumeStage::entrance::byoubu::sub_far,active,
106,Moon Kingdom,overworld,MoonWorldHomeStage,dot00,dot01,Galaxy2DExStage,dot00,dot01,MoonWorldHomeStage::entrance::dot00::home_in,MoonWorldHomeStage::entrance::dot01::home_out,Galaxy2DExStage::entrance::dot00::sub_near,Galaxy2DExStage::entrance::dot01::sub_far,active,
107,Moon Kingdom,overworld,MoonWorldHomeStage,moon,moon_exit,MoonAthleticExStage,moon,moon_exit,MoonWorldHomeStage::entrance::moon::home_in,MoonWorldHomeStage::entrance::moon_exit::home_out,MoonAthleticExStage::entrance::moon::sub_near,MoonAthleticExStage::entrance::moon_exit::sub_far,active,
108,Moon Kingdom,overworld,MoonWorldHomeStage,ggg,ggg,MoonWorldSphinxRoom,ggg,ggg,MoonWorldHomeStage::entrance::ggg::home_in,MoonWorldHomeStage::entrance::ggg::home_out,MoonWorldSphinxRoom::entrance::ggg::sub_near,MoonWorldSphinxRoom::entrance::ggg::sub_far,active,
109,Moon Kingdom,overworld,MoonWorldHomeStage,ddd,ddd,MoonWorldShopRoom,ddd,ddd,MoonWorldHomeStage::entrance::ddd::home_in,MoonWorldHomeStage::entrance::ddd::home_out,MoonWorldShopRoom::entrance::ddd::sub_near,MoonWorldShopRoom::entrance::ddd::sub_far,active,
110,Mushroom Kingdom,overworld,PeachWorldHomeStage,PeachWorldEx1a,PeachWorldEx1a,YoshiCloudExStage,PeachWorldEx1a,PeachWorldEx1a,PeachWorldHomeStage::entrance::PeachWorldEx1a::home_in,PeachWorldHomeStage::entrance::PeachWorldEx1a::home_out,YoshiCloudExStage::entrance::PeachWorldEx1a::sub_near,YoshiCloudExStage::entrance::PeachWorldEx1a::sub_far,active,
111,Mushroom Kingdom,overworld,PeachWorldHomeStage,PeachWorldEx2a,PeachWorldEx2a,DotHardExStage,PeachWorldEx2a,PeachWorldEx2a,PeachWorldHomeStage::entrance::PeachWorldEx2a::home_in,PeachWorldHomeStage::entrance::PeachWorldEx2a::home_out,DotHardExStage::entrance::PeachWorldEx2a::sub_near,DotHardExStage::entrance::PeachWorldEx2a::sub_far,active,
112,Mushroom Kingdom,overworld,PeachWorldHomeStage,Fukuwarai2,Fukuwarai2,FukuwaraiMarioStage,Fukuwarai2,Fukuwarai2,PeachWorldHomeStage::entrance::Fukuwarai2::home_in,PeachWorldHomeStage::entrance::Fukuwarai2::home_out,FukuwaraiMarioStage::entrance::Fukuwarai2::sub_near,FukuwaraiMarioStage::entrance::Fukuwarai2::sub_far,active,
113,Mushroom Kingdom,overworld,PeachWorldHomeStage,PeachCastleGate,PeachCastleGate,PeachWorldCastleStage,PeachCastleGate,PeachCastleGate,PeachWorldHomeStage::entrance::PeachCastleGate::home_in,PeachWorldHomeStage::entrance::PeachCastleGate::home_out,PeachWorldCastleStage::entrance::PeachCastleGate::sub_near,PeachWorldCastleStage::entrance::PeachCastleGate::sub_far,active,
114,Mushroom Kingdom,overworld,PeachWorldHomeStage,PeachWorldShopA,PeachWorldShopA,PeachWorldShopStage,PeachWorldShopA,PeachWorldShopA,PeachWorldHomeStage::entrance::PeachWorldShopA::home_in,PeachWorldHomeStage::entrance::PeachWorldShopA::home_out,PeachWorldShopStage::entrance::PeachWorldShopA::sub_near,PeachWorldShopStage::entrance::PeachWorldShopA::sub_far,active,
115,Mushroom Kingdom,overworld,PeachWorldHomeStage,CostumeEventWorldPeach,CostumeEventWorldPeach,PeachWorldCostumeStage,CostumeEventWorldPeach,CostumeEventWorldPeach,PeachWorldHomeStage::entrance::CostumeEventWorldPeach::home_in,PeachWorldHomeStage::entrance::CostumeEventWorldPeach::home_out,PeachWorldCostumeStage::entrance::CostumeEventWorldPeach::sub_near,PeachWorldCostumeStage::entrance::CostumeEventWorldPeach::sub_far,active,
116,Mushroom Kingdom,overworld,PeachWorldHomeStage,BossForestA,BossForestA,PeachWorldPictureBossForestStage,BossForestA,BossForestA,PeachWorldHomeStage::entrance::BossForestA::home_in,PeachWorldHomeStage::entrance::BossForestA::home_out,PeachWorldPictureBossForestStage::entrance::BossForestA::sub_near,PeachWorldPictureBossForestStage::entrance::BossForestA::sub_far,active,
117,Mushroom Kingdom,overworld,PeachWorldHomeStage,BossKnuckleA,BossKnuckleA,PeachWorldPictureBossKnuckleStage,BossKnuckleA,BossKnuckleA,PeachWorldHomeStage::entrance::BossKnuckleA::home_in,PeachWorldHomeStage::entrance::BossKnuckleA::home_out,PeachWorldPictureBossKnuckleStage::entrance::BossKnuckleA::sub_near,PeachWorldPictureBossKnuckleStage::entrance::BossKnuckleA::sub_far,active,
118,Mushroom Kingdom,overworld,PeachWorldHomeStage,BossMagmaA,BossMagmaA,PeachWorldPictureBossMagmaStage,BossMagmaA,BossMagmaA,PeachWorldHomeStage::entrance::BossMagmaA::home_in,PeachWorldHomeStage::entrance::BossMagmaA::home_out,PeachWorldPictureBossMagmaStage::entrance::BossMagmaA::sub_near,PeachWorldPictureBossMagmaStage::entrance::BossMagmaA::sub_far,active,
119,Mushroom Kingdom,overworld,PeachWorldHomeStage,MofumofuA,MofumofuA,PeachWorldPictureMofumofuStage,MofumofuA,MofumofuA,PeachWorldHomeStage::entrance::MofumofuA::home_in,PeachWorldHomeStage::entrance::MofumofuA::home_out,PeachWorldPictureMofumofuStage::entrance::MofumofuA::sub_near,PeachWorldPictureMofumofuStage::entrance::MofumofuA::sub_far,active,
120,Mushroom Kingdom,overworld,PeachWorldHomeStage,BossRaidA,BossRaidB,PeachWorldPictureBossRaidStage,BossRaidB,BossRaidB,PeachWorldHomeStage::entrance::BossRaidA::home_in,PeachWorldHomeStage::entrance::BossRaidB::home_out,PeachWorldPictureBossRaidStage::entrance::BossRaidB::sub_near,PeachWorldPictureBossRaidStage::entrance::BossRaidB::sub_far,active,"Painting room is coupled on the sub side like the other boss re-fights. The arrival pipe (BossRaidA) is IsExitOnly inside the room, so it cannot be walked into; both sides use the persistent BossRaidB pipe and BossRaidA is never routed."
121,Mushroom Kingdom,overworld,PeachWorldHomeStage,GiantWanderBossA,GiantWanderBossB,PeachWorldPictureGiantWanderBossStage,GiantWanderBossB,GiantWanderBossB,PeachWorldHomeStage::entrance::GiantWanderBossA::home_in,PeachWorldHomeStage::entrance::GiantWanderBossB::home_out,PeachWorldPictureGiantWanderBossStage::entrance::GiantWanderBossB::sub_near,PeachWorldPictureGiantWanderBossStage::entrance::GiantWanderBossB::sub_far,active,"Painting room is coupled on the sub side like the other boss re-fights. The arrival pipe (GiantWanderBossA) is IsExitOnly inside the room, so it cannot be walked into; both sides use the persistent GiantWanderBossB pipe and GiantWanderBossA is never routed."
122,Dark Side,overworld,Special1WorldHomeStage,StackerRoomStart,StackerRoomGoal,Special1WorldTowerStackerStage,StackerRoomStart,StackerRoomGoal,Special1WorldHomeStage::entrance::StackerRoomStart::home_in,Special1WorldHomeStage::entrance::StackerRoomGoal::home_out,Special1WorldTowerStackerStage::entrance::StackerRoomStart::sub_near,Special1WorldTowerStackerStage::entrance::StackerRoomGoal::sub_far,vanilla,
123,Dark Side,overworld,Special1WorldHomeStage,BombTailRoomStart,BombTailRoomGoal,Special1WorldTowerBombTailStage,BombTailRoomStart,BombTailRoomGoal,Special1WorldHomeStage::entrance::BombTailRoomStart::home_in,Special1WorldHomeStage::entrance::BombTailRoomGoal::home_out,Special1WorldTowerBombTailStage::entrance::BombTailRoomStart::sub_near,Special1WorldTowerBombTailStage::entrance::BombTailRoomGoal::sub_far,vanilla,
124,Dark Side,overworld,Special1WorldHomeStage,FireBlowerRoomStart,FireBlowerRoomGoal,Special1WorldTowerFireBlowerStage,FireBlowerRoomStart,FireBlowerRoomGoal,Special1WorldHomeStage::entrance::FireBlowerRoomStart::home_in,Special1WorldHomeStage::entrance::FireBlowerRoomGoal::home_out,Special1WorldTowerFireBlowerStage::entrance::FireBlowerRoomStart::sub_near,Special1WorldTowerFireBlowerStage::entrance::FireBlowerRoomGoal::sub_far,vanilla,
125,Dark Side,overworld,Special1WorldHomeStage,CapThrowerRoomStart,CapThrowerRoomGoal,Special1WorldTowerCapThrowerStage,CapThrowerRoomStart,CapThrowerRoomGoal,Special1WorldHomeStage::entrance::CapThrowerRoomStart::home_in,Special1WorldHomeStage::entrance::CapThrowerRoomGoal::home_out,Special1WorldTowerCapThrowerStage::entrance::CapThrowerRoomStart::sub_near,Special1WorldTowerCapThrowerStage::entrance::CapThrowerRoomGoal::sub_far,vanilla,
126,Dark Side,overworld,Special1WorldHomeStage,BikeSteelNoCapEx,BikeSteelNoCapEx_Exit,BikeSteelNoCapExStage,BikeSteelNoCapEx,BikeSteelNoCapEx_Exit,Special1WorldHomeStage::entrance::BikeSteelNoCapEx::home_in,Special1WorldHomeStage::entrance::BikeSteelNoCapEx_Exit::home_out,BikeSteelNoCapExStage::entrance::BikeSteelNoCapEx::sub_near,BikeSteelNoCapExStage::entrance::BikeSteelNoCapEx_Exit::sub_far,active,
127,Dark Side,overworld,Special1WorldHomeStage,PackunPoisonNoCapEx,PackunPoisonNoCapEx_Exit,PackunPoisonNoCapExStage,PackunPoisonNoCapEx,PackunPoisonNoCapEx_Exit,Special1WorldHomeStage::entrance::PackunPoisonNoCapEx::home_in,Special1WorldHomeStage::entrance::PackunPoisonNoCapEx_Exit::home_out,PackunPoisonNoCapExStage::entrance::PackunPoisonNoCapEx::sub_near,PackunPoisonNoCapExStage::entrance::PackunPoisonNoCapEx_Exit::sub_far,active,
128,Dark Side,overworld,Special1WorldHomeStage,KillerRoadNoCapEx,KillerRoadNoCapEx,KillerRoadNoCapExStage,KillerRoadNoCapEx,KillerRoadNoCapEx,Special1WorldHomeStage::entrance::KillerRoadNoCapEx::home_in,Special1WorldHomeStage::entrance::KillerRoadNoCapEx::home_out,KillerRoadNoCapExStage::entrance::KillerRoadNoCapEx::sub_near,KillerRoadNoCapExStage::entrance::KillerRoadNoCapEx::sub_far,active,
129,Dark Side,overworld,Special1WorldHomeStage,ShootingCityYoshiEx,ShootingCityYoshiEx_Exit,ShootingCityYoshiExStage,ShootingCityYoshiEx,ShootingCityYoshiEx_Exit,Special1WorldHomeStage::entrance::ShootingCityYoshiEx::home_in,Special1WorldHomeStage::entrance::ShootingCityYoshiEx_Exit::home_out,ShootingCityYoshiExStage::entrance::ShootingCityYoshiEx::sub_near,ShootingCityYoshiExStage::entrance::ShootingCityYoshiEx_Exit::sub_far,active,
130,Dark Side,overworld,Special1WorldHomeStage,SenobiTowerYoshiEx,SenobiTowerYoshiEx_Exit,SenobiTowerYoshiExStage,SenobiTowerYoshiEx,SenobiTowerYoshiEx_Exit,Special1WorldHomeStage::entrance::SenobiTowerYoshiEx::home_in,Special1WorldHomeStage::entrance::SenobiTowerYoshiEx_Exit::home_out,SenobiTowerYoshiExStage::entrance::SenobiTowerYoshiEx::sub_near,SenobiTowerYoshiExStage::entrance::SenobiTowerYoshiEx_Exit::sub_far,active,
131,Dark Side,overworld,Special1WorldHomeStage,LavaWorldUpDownYoshiEx,LavaWorldUpDownYoshiEx_Exit,LavaWorldUpDownYoshiExStage,LavaWorldUpDownYoshiEx,LavaWorldUpDownYoshiEx_Exit,Special1WorldHomeStage::entrance::LavaWorldUpDownYoshiEx::home_in,Special1WorldHomeStage::entrance::LavaWorldUpDownYoshiEx_Exit::home_out,LavaWorldUpDownYoshiExStage::entrance::LavaWorldUpDownYoshiEx::sub_near,LavaWorldUpDownYoshiExStage::entrance::LavaWorldUpDownYoshiEx_Exit::sub_far,active,
132,Darker Side,overworld,Special2WorldHomeStage,CP_Entrance,MoonGoal,Special2WorldLavaStage,CP_Entrance,MoonGoal,Special2WorldHomeStage::entrance::CP_Entrance::home_in,Special2WorldHomeStage::entrance::MoonGoal::home_out,Special2WorldLavaStage::entrance::CP_Entrance::sub_near,Special2WorldLavaStage::entrance::MoonGoal::sub_far,vanilla,"Fixed Darker Side story route; the runtime exposes one external home warp to this stage's Odyssey."
133,Sand Kingdom,overworld,SandWorldHomeStage,arijigoku,arijigoku1,SandWorldPressExStage,arijigoku,arijigoku1,SandWorldHomeStage::entrance::arijigoku::home_in,SandWorldHomeStage::entrance::arijigoku1::home_out,SandWorldPressExStage::entrance::arijigoku::sub_near,SandWorldPressExStage::entrance::arijigoku1::sub_far,vanilla,fixed coupled return alias for the Ice Cave entrance pipe; never a randomized home-side entry
134,Wooded Kingdom,subarea,ForestWorldWoodsStage,Explorer_Bonus,Explorer_Bonus,ForestWorldWoodsCostumeStage,Explorer_Bonus,Explorer_Bonus,ForestWorldWoodsStage::entrance::Explorer_Bonus::home_in,ForestWorldWoodsStage::entrance::Explorer_Bonus::home_out,ForestWorldWoodsCostumeStage::entrance::Explorer_Bonus::sub_near,ForestWorldWoodsCostumeStage::entrance::Explorer_Bonus::sub_far,active,Deep Woods owns the door; the Costume Room is the sub-area (matches the TreasureTree row)
135,Wooded Kingdom,subarea,ForestWorldWoodsStage,TreasureTree,TreasureTree,ForestWorldWoodsTreasureStage,TreasureTree,TreasureTree,ForestWorldWoodsStage::entrance::TreasureTree::home_in,ForestWorldWoodsStage::entrance::TreasureTree::home_out,ForestWorldWoodsTreasureStage::entrance::TreasureTree::sub_near,ForestWorldWoodsTreasureStage::entrance::TreasureTree::sub_far,active,
136,Bowser's Kingdom,overworld,SkyWorldHomeStage,Patakaron02,Patakaron02,KaronWingTowerStage,Patakaron02,Patakaron02,SkyWorldHomeStage::entrance::Patakaron02::home_in,SkyWorldHomeStage::entrance::Patakaron02::home_out,KaronWingTowerStage::entrance::Patakaron02::sub_near,KaronWingTowerStage::entrance::Patakaron02::sub_far,active,Hexagon Tower moon pipe (DokanStageChange Patakaron02); raw stage_change paired into a shuffleable door
137,Metro Kingdom,overworld,CityWorldHomeStage,under001enter,under001enter,CityWorldFactoryStage,under001enter,under001enter,CityWorldHomeStage::entrance::under001enter::home_in,CityWorldHomeStage::entrance::under001enter::home_out,CityWorldFactoryStage::entrance::under001enter::sub_near,CityWorldFactoryStage::entrance::under001enter::sub_far,vanilla,"Fixed (non-randomized) story/internal route; connected for logic, excluded from ER shuffle."
138,Wooded Kingdom,overworld,ForestWorldHomeStage,boss001,boss001,ForestWorldBossStage,boss001,boss001,ForestWorldHomeStage::entrance::boss001::home_in,ForestWorldHomeStage::entrance::boss001::home_out,ForestWorldBossStage::entrance::boss001::sub_near,ForestWorldBossStage::entrance::boss001::sub_far,vanilla,"Fixed (non-randomized) story/internal route; connected for logic, excluded from ER shuffle."
139,Wooded Kingdom,overworld,ForestWorldHomeStage,Tower001,Tower001,ForestWorldTowerStage,Tower001,Tower001,ForestWorldHomeStage::entrance::Tower001::home_in,ForestWorldHomeStage::entrance::Tower001::home_out,ForestWorldTowerStage::entrance::Tower001::sub_near,ForestWorldTowerStage::entrance::Tower001::sub_far,vanilla,"Fixed (non-randomized) story/internal route; connected for logic, excluded from ER shuffle."
140,Moon Kingdom,overworld,MoonWorldHomeStage,bbb,bbb,MoonWorldCaptureParadeStage,bbb,bbb,MoonWorldHomeStage::entrance::bbb::home_in,MoonWorldHomeStage::entrance::bbb::home_out,MoonWorldCaptureParadeStage::entrance::bbb::sub_near,MoonWorldCaptureParadeStage::entrance::bbb::sub_far,vanilla,"Fixed (non-randomized) story/internal route; connected for logic, excluded from ER shuffle."
141,Moon Kingdom,overworld,MoonWorldHomeStage,aaa,aaa,MoonWorldWeddingRoomStage,aaa,aaa,MoonWorldHomeStage::entrance::aaa::home_in,MoonWorldHomeStage::entrance::aaa::home_out,MoonWorldWeddingRoomStage::entrance::aaa::sub_near,MoonWorldWeddingRoomStage::entrance::aaa::sub_far,vanilla,"Fixed (non-randomized) story/internal route; connected for logic, excluded from ER shuffle."
142,Mushroom Kingdom,subarea,PeachWorldPictureBossForestStage,PictureBossForest,PictureBossForest,RevengeForestBossStage,PictureBossForest,PictureBossForest,PeachWorldPictureBossForestStage::entrance::PictureBossForest::home_in,PeachWorldPictureBossForestStage::entrance::PictureBossForest::home_out,RevengeForestBossStage::entrance::PictureBossForest::sub_near,RevengeForestBossStage::entrance::PictureBossForest::sub_far,vanilla,"Fixed (non-randomized) story/internal route; connected for logic, excluded from ER shuffle."
143,Mushroom Kingdom,subarea,PeachWorldPictureBossKnuckleStage,PictureBossKnuckle,PictureBossKnuckle,RevengeBossKnuckleStage,PictureBossKnuckle,PictureBossKnuckle,PeachWorldPictureBossKnuckleStage::entrance::PictureBossKnuckle::home_in,PeachWorldPictureBossKnuckleStage::entrance::PictureBossKnuckle::home_out,RevengeBossKnuckleStage::entrance::PictureBossKnuckle::sub_near,RevengeBossKnuckleStage::entrance::PictureBossKnuckle::sub_far,vanilla,"Fixed (non-randomized) story/internal route; connected for logic, excluded from ER shuffle."
144,Mushroom Kingdom,subarea,PeachWorldPictureBossMagmaStage,PictureBossMagma,PictureBossMagma,RevengeBossMagmaStage,PictureBossMagma,PictureBossMagma,PeachWorldPictureBossMagmaStage::entrance::PictureBossMagma::home_in,PeachWorldPictureBossMagmaStage::entrance::PictureBossMagma::home_out,RevengeBossMagmaStage::entrance::PictureBossMagma::sub_near,RevengeBossMagmaStage::entrance::PictureBossMagma::sub_far,vanilla,"Fixed (non-randomized) story/internal route; connected for logic, excluded from ER shuffle."
145,Mushroom Kingdom,subarea,PeachWorldPictureBossRaidStage,PictureBossRaid,PictureBossRaid,RevengeBossRaidStage,PictureBossRaid,PictureBossRaid,PeachWorldPictureBossRaidStage::entrance::PictureBossRaid::home_in,PeachWorldPictureBossRaidStage::entrance::PictureBossRaid::home_out,RevengeBossRaidStage::entrance::PictureBossRaid::sub_near,RevengeBossRaidStage::entrance::PictureBossRaid::sub_far,vanilla,"Fixed (non-randomized) story/internal route; connected for logic, excluded from ER shuffle."
146,Mushroom Kingdom,subarea,PeachWorldPictureGiantWanderBossStage,PictureGiantWanderBoss,PictureGiantWanderBoss,RevengeGiantWanderBossStage,PictureGiantWanderBoss,PictureGiantWanderBoss,PeachWorldPictureGiantWanderBossStage::entrance::PictureGiantWanderBoss::home_in,PeachWorldPictureGiantWanderBossStage::entrance::PictureGiantWanderBoss::home_out,RevengeGiantWanderBossStage::entrance::PictureGiantWanderBoss::sub_near,RevengeGiantWanderBossStage::entrance::PictureGiantWanderBoss::sub_far,vanilla,"Fixed (non-randomized) story/internal route; connected for logic, excluded from ER shuffle."
147,Mushroom Kingdom,subarea,PeachWorldPictureMofumofuStage,PictureMofumofu,PictureMofumofu,RevengeMofumofuStage,PictureMofumofu,PictureMofumofu,PeachWorldPictureMofumofuStage::entrance::PictureMofumofu::home_in,PeachWorldPictureMofumofuStage::entrance::PictureMofumofu::home_out,RevengeMofumofuStage::entrance::PictureMofumofu::sub_near,RevengeMofumofuStage::entrance::PictureMofumofu::sub_far,vanilla,"Fixed (non-randomized) story/internal route; connected for logic, excluded from ER shuffle."
148,Sand Kingdom,overworld,SandWorldHomeStage,pyramid01,pyramid01,SandWorldPyramid000Stage,pyramid01,pyramid01,SandWorldHomeStage::entrance::pyramid01::home_in,SandWorldHomeStage::entrance::pyramid01::home_out,SandWorldPyramid000Stage::entrance::pyramid01::sub_near,SandWorldPyramid000Stage::entrance::pyramid01::sub_far,vanilla,"Fixed (non-randomized) story/internal route; connected for logic, excluded from ER shuffle."
149,Sand Kingdom,overworld,SandWorldHomeStage,pyramid04,pyramid04,SandWorldPyramid001Stage,pyramid04,pyramid04,SandWorldHomeStage::entrance::pyramid04::home_in,SandWorldHomeStage::entrance::pyramid04::home_out,SandWorldPyramid001Stage::entrance::pyramid04::sub_near,SandWorldPyramid001Stage::entrance::pyramid04::sub_far,vanilla,"Fixed (non-randomized) story/internal route; connected for logic, excluded from ER shuffle."
150,Sand Kingdom,overworld,SandWorldHomeStage,Under01,Under01,SandWorldUnderground000Stage,Under01,Under01,SandWorldHomeStage::entrance::Under01::home_in,SandWorldHomeStage::entrance::Under01::home_out,SandWorldUnderground000Stage::entrance::Under01::sub_near,SandWorldUnderground000Stage::entrance::Under01::sub_far,vanilla,"Fixed (non-randomized) story/internal route; connected for logic, excluded from ER shuffle."
151,Sand Kingdom,overworld,SandWorldHomeStage,Out,Out,SandWorldUnderground001Stage,Out,Out,SandWorldHomeStage::entrance::Out::home_in,SandWorldHomeStage::entrance::Out::home_out,SandWorldUnderground001Stage::entrance::Out::sub_near,SandWorldUnderground001Stage::entrance::Out::sub_far,vanilla,"Fixed (non-randomized) story/internal route; connected for logic, excluded from ER shuffle."
152,Sand Kingdom,subarea,SandWorldUnderground000Stage,Yadokari00,Yadokari00,SandWorldUnderground001Stage,Yadokari00,Yadokari00,SandWorldUnderground000Stage::entrance::Yadokari00::home_in,SandWorldUnderground000Stage::entrance::Yadokari00::home_out,SandWorldUnderground001Stage::entrance::Yadokari00::sub_near,SandWorldUnderground001Stage::entrance::Yadokari00::sub_far,vanilla,"Fixed (non-randomized) story/internal route; connected for logic, excluded from ER shuffle."
153,Snow Kingdom,subarea,SnowWorldTownStage,SnowCostumeEx,SnowCostumeEx,SnowWorldCostumeStage,SnowCostumeEx,SnowCostumeEx,SnowWorldTownStage::entrance::SnowCostumeEx::home_in,SnowWorldTownStage::entrance::SnowCostumeEx::home_out,SnowWorldCostumeStage::entrance::SnowCostumeEx::sub_near,SnowWorldCostumeStage::entrance::SnowCostumeEx::sub_far,active,
154,Snow Kingdom,overworld,SnowWorldHomeStage,SnowUGExit,SnowUGExit,SnowWorldTownStage,SnowUGExit,SnowUGExit,SnowWorldHomeStage::entrance::SnowUGExit::home_in,SnowWorldHomeStage::entrance::SnowUGExit::home_out,SnowWorldTownStage::entrance::SnowUGExit::sub_near,SnowWorldTownStage::entrance::SnowUGExit::sub_far,vanilla,"Fixed (non-randomized) story/internal route; connected for logic, excluded from ER shuffle."
155,Snow Kingdom,subarea,SnowWorldTownStage,RaceEntrance,RaceTrackExit,SnowWorldLobby000Stage,RaceEntrance,RaceTrackExit,SnowWorldTownStage::entrance::RaceEntrance::home_in,SnowWorldTownStage::entrance::RaceTrackExit::home_out,SnowWorldLobby000Stage::entrance::RaceEntrance::sub_near,SnowWorldLobby000Stage::entrance::RaceTrackExit::sub_far,vanilla,"Fixed (non-randomized) story/internal route; connected for logic, excluded from ER shuffle."
156,Snow Kingdom,subarea,SnowWorldTownStage,ShopDoor,ShopDoor,SnowWorldShopStage,ShopDoor,ShopDoor,SnowWorldTownStage::entrance::ShopDoor::home_in,SnowWorldTownStage::entrance::ShopDoor::home_out,SnowWorldShopStage::entrance::ShopDoor::sub_near,SnowWorldShopStage::entrance::ShopDoor::sub_far,active,
157,Darker Side,subarea,Special2WorldLavaStage,room2_start,room2_start,Special2WorldCloudStage,room2_start,room2_start,Special2WorldLavaStage::entrance::room2_start::home_in,Special2WorldLavaStage::entrance::room2_start::home_out,Special2WorldCloudStage::entrance::room2_start::sub_near,Special2WorldCloudStage::entrance::room2_start::sub_far,vanilla,"Fixed (non-randomized) story/internal route; connected for logic, excluded from ER shuffle."
158,Darker Side,subarea,Special2WorldLavaStage,room3_start,room3_start,Special2WorldKoopaStage,room3_goal,room3_goal,Special2WorldLavaStage::entrance::room3_start::home_in,Special2WorldLavaStage::entrance::room3_start::home_out,Special2WorldKoopaStage::entrance::room3_goal::sub_near,Special2WorldKoopaStage::entrance::room3_goal::sub_far,vanilla,"Fixed (non-randomized) story/internal route; connected for logic, excluded from ER shuffle."
159,Wooded Kingdom,overworld,ForestWorldHomeStage,Tower002,Tower002,ForestWorldTowerStage,Tower002,Tower002,ForestWorldHomeStage::entrance::Tower002::home_in,ForestWorldHomeStage::entrance::Tower002::home_out,ForestWorldTowerStage::entrance::Tower002::sub_near,ForestWorldTowerStage::entrance::Tower002::sub_far,vanilla,"Fixed (non-randomized) story/internal route; connected for logic, excluded from ER shuffle."
